code,sector
00001,综合企业
00002,常规电力
00003,燃气供应
00004,地产发展商
00005,银行
00006,常规电力
00007,消费电子产品
00008,电讯服务
00009,地产发展商
00010,地产投资
00011,银行
00012,地产发展商
00013,药品
00014,地产投资
00016,地产发展商
00017,地产发展商
00018,出版
00019,综合企业
00020,应用软件
00021,地产发展商
00022,酒店及度假村
00023,银行
00025,综合企业
00026,地产投资
00027,赌场及博彩
00028,地产发展商
00029,地产投资
00030,食品添加剂
00031,航空航天与国防
00032,教育
00033,玩具及消闲用品
00034,地产发展商
00035,地产发展商
00036,地产投资
00037,地产投资
00038,重型机械
00039,超市及便利店
00040,消费电子产品
00041,地产投资
00042,工业零件及器材
00045,酒店及度假村
00046,系统开发及资讯科技顾问
00048,汽车零件
00050,地产投资
00051,酒店及度假村
00052,餐饮
00053,地产发展商
00055,印刷及包装
00057,工业零件及器材
00058,建筑材料
00059,地产发展商
00060,包装食品
00061,煤炭
00062,公共运输
00063,地产投资
00064,证券及经纪
00065,煤炭
00066,公共运输
00069,酒店及度假村
00070,综合企业
00071,地产投资
00072,出版
00073,农产品
00075,地产发展商
00076,工业零件及器材
00077,公共运输
00078,酒店及度假村
00079,综合企业
00080,投资及资产管理
00081,地产发展商
00082,游戏软件
00083,地产发展商
00084,其他零售商
00085,半导体
00086,信贷
00087,综合企业
00088,地产发展商
00089,地产投资
00090,非传统/可再生能源
00091,油气生产商
00092,非传统/可再生能源
00093,信贷
00094,林业及木材
00095,地产发展商
00096,工业零件及器材
00097,其他零售商
00098,铝
00099,电子零件
00100,数码解决方案服务
00101,地产投资
00102,赌场及博彩
00103,商业用车及货车
00104,其他零售商
00105,地产投资
00106,地产发展商
00107,铁路及公路
00108,物业服务及管理
00110,电讯设备
00111,投资及资产管理
00113,其他服饰配件
00114,玩具及消闲用品
00115,地产发展商
00116,其他零售商
00117,工业零件及器材
00118,工业零件及器材
00119,地产发展商
00120,地产发展商
00122,服装
00123,地产发展商
00124,地产发展商
00125,其他服饰配件
00126,餐饮
00127,地产投资
00128,服装零售商
00129,投资及资产管理
00130,服装
00131,地产投资
00132,综合企业
00133,投资及资产管理
00135,燃气供应
00136,影视娱乐
00137,航运及港口
00138,汽车零售商
00139,证券及经纪
00142,包装食品
00144,航运及港口
00145,其他支援服务
00146,纺织品及布料
00147,地产发展商
00148,工业零件及器材
00149,地产发展商
00150,广告及宣传
00151,包装食品
00152,铁路及公路
00154,环保工程
00156,餐饮
00157,其他零售商
00158,地产投资
00159,钢铁
00160,地产投资
00162,多元化零售商
00163,地产投资
00164,广告及宣传
00165,投资及资产管理
00166,其他金属及矿物
00167,消费电子产品
00168,酒精饮料
00169,酒店及度假村
00171,地产投资
00173,地产发展商
00174,地产投资
00175,汽车
00176,消费电子产品
00177,铁路及公路
00178,其他零售商
00179,汽车零件
00180,玩具及消闲用品
00181,酒店及度假村
00182,非传统/可再生能源
00183,地产发展商
00184,酒店及度假村
00185,地产发展商
00186,消费电子产品
00187,工业零件及器材
00188,其他金融
00189,特殊化工用品
00191,综合企业
00193,地产发展商
00194,地产投资
00195,其他金属及矿物
00196,油气设备与服务
00197,包装食品
00199,地产发展商
00200,赌场及博彩
00201,酒店及度假村
00202,综合企业
00204,投资及资产管理
00205,广告及宣传
00206,油气设备与服务
00207,地产发展商
00209,玩具及消闲用品
00210,鞋类
00211,证券及经纪
00212,地产投资
00213,工业零件及器材
00214,投资及资产管理
00215,电讯服务
00216,地产发展商
00217,其他金属及矿物
00218,证券及经纪
00219,酒店及度假村
00220,非酒精饮料
00222,保险
00223,个人护理
00224,地产投资
00225,地产投资
00226,餐饮
00227,证券及经纪
00228,油气生产商
00229,家庭电器
00230,地产发展商
00232,航空航天与国防
00234,信贷
00235,其他金属及矿物
00236,酒精饮料
00237,地产投资
00239,药品
00240,重型基建
00241,药品分销
00242,综合企业
00243,半导体设备与材料
00244,多元化零售商
00245,证券及经纪
00247,地产发展商
00248,电讯设备
00251,地产投资
00252,印刷及包装
00253,酒店及度假村
00254,旅游及观光
00255,工业零件及器材
00256,珠宝钟表
00257,非传统/可再生能源
00258,地产发展商
00259,消费电子产品
00260,信贷
00261,地产发展商
00262,地产发展商
00264,其他服饰配件
00265,物业服务及管理
00266,地产投资
00267,综合企业
00268,系统开发及资讯科技顾问
00269,铁路及公路
00270,水务
00271,地产投资
00272,地产发展商
00274,黄金及贵金属
00276,煤炭
00277,地产投资
00279,证券及经纪
00280,珠宝钟表
00285,电讯设备
00286,医疗及医学美容服务
00287,地产投资
00288,包装食品
00289,多元化零售商
00290,证券及经纪
00291,酒精饮料
00292,投资及资产管理
00293,航空服务
00294,服装
00295,非传统/可再生能源
00296,赌场及博彩
00297,化肥及农用化合物
00298,地产发展商
00299,地产发展商
00301,特殊化工用品
00302,游戏软件
00303,电讯设备
00305,汽车零件
00306,公共运输
00308,旅游及观光
00309,其他支援服务
00310,投资及资产管理
00311,服装
00312,多元化零售商
00313,地产发展商
00314,药品分销
00315,电讯服务
00316,航运及港口
00317,商业用车及货车
00318,系统开发及资讯科技顾问
00320,工业零件及器材
00321,纺织品及布料
00322,非酒精饮料
00323,钢铁
00325,玩具及消闲用品
00326,影视娱乐
00327,电子商贸及互联网服务
00328,电脑及周边器材
00329,证券及经纪
00330,服装
00331,楼宇建造
00332,油气生产商
00333,服装
00334,电脑及周边器材
00335,信贷
00336,食品添加剂
00337,地产发展商
00338,特殊化工用品
00339,投资及资产管理
00340,黄金及贵金属
00341,餐饮
00343,广告及宣传
00345,非酒精饮料
00346,油气生产商
00347,钢铁
00348,中医药
00351,航运及港口
00352,地产代理
00353,油气设备与服务
00354,系统开发及资讯科技顾问
00355,酒店及度假村
00356,投资及资产管理
00357,航空服务
00358,铜
00360,汽车零件
00361,玩具及消闲用品
00362,特殊化工用品
00363,综合企业
00365,工业零件及器材
00366,建筑材料
00367,地产发展商
00368,楼宇建造
00369,地产发展商
00370,消费电子产品
00371,水务
00372,投资及资产管理
00373,信贷
00374,包装食品
00375,服装
00376,保险
00377,采购及供应链管理
00379,信贷
00380,建筑材料
00381,玩具及消闲用品
00382,教育
00383,医疗及医学美容服务
00384,燃气供应
00385,楼宇建造
00386,油气生产商
00387,工业零件及器材
00388,其他金融
00389,酒精饮料
00390,重型基建
00391,影视娱乐
00392,燃气供应
00393,楼宇建造
00396,家具
00397,信贷
00398,其他零售商
00399,个人护理
00400,电子商贸及互联网服务
00401,医疗及医学美容服务
00403,印刷及包装
00406,楼宇建造
00408,特殊化工用品
00410,地产投资
00411,农产品
00412,投资及资产管理
00413,玩具及消闲用品
00417,其他零售商
00418,应用软件
00419,医疗及医学美容服务
00420,纺织品及布料
00422,汽车
00423,出版
00425,汽车零件
00426,出版
00428,投资及资产管理
00430,地产投资
00431,信贷
00432,地产发展商
00433,其他金属及矿物
00434,游戏软件
00436,环保工程
00438,新能源物料
00439,系统开发及资讯科技顾问
00440,银行
00442,珠宝钟表
00444,其他零售商
00450,印刷及包装
00451,非传统/可再生能源
00455,药品
00456,地产投资
00458,服装
00459,地产代理
00460,药品
00464,家庭电器
00465,系统开发及资讯科技顾问
00467,油气生产商
00468,印刷及包装
00470,工业零件及器材
00471,卫星及无线通讯
00472,酒精饮料
00474,重型机械
00475,新能源物料
00476,商业用车及货车
00480,地产发展商
00482,消费电子产品
00483,服装零售商
00484,电脑及周边器材
00485,地产发展商
00486,铝
00487,旅游及观光
00488,综合企业
00489,商业用车及货车
00491,影视娱乐
00493,家居装修零售商
00495,地产投资
00496,家具
00497,地产发展商
00498,航运及港口
00499,教育
00500,其他支援服务
00501,半导体
00505,铜
00506,非酒精饮料
00508,信贷
00509,化肥及农用化合物
00510,证券及经纪
00511,广播
00512,药品
00513,珠宝钟表
00515,工业零件及器材
00517,采购及供应链管理
00518,服装
00519,地产发展商
00520,餐饮
00521,其他金属及矿物
00522,半导体设备与材料
00524,电讯服务
00525,公共运输
00526,家具
00527,非传统/可再生能源
00528,纺织品及布料
00529,电讯设备
00531,家具
00532,工业零件及器材
00533,服装
00535,地产发展商
00536,电子商贸及互联网服务
00538,餐饮
00540,服装
00542,地产发展商
00543,汽车零售商
00544,航空货运及物流
00546,食品添加剂
00547,影视娱乐
00548,铁路及公路
00550,广告及宣传
00551,鞋类
00552,电讯设备
00553,电讯设备
00554,油气设备与服务
00556,环保工程
00557,医疗及医学美容服务
00558,工业零件及器材
00559,酒店及度假村
00560,航运及港口
00563,地产发展商
00564,汽车零件
00565,物业服务及管理
00567,工业零件及器材
00568,油气设备与服务
00570,中医药
00571,影视娱乐
00572,投资及资产管理
00573,餐饮
00574,药品分销
00575,药品
00576,铁路及公路
00579,非传统/可再生能源
00580,工业零件及器材
00581,钢铁
00582,酒店及度假村
00583,地产投资
00585,证券及经纪
00586,环保工程
00587,环保工程
00588,地产发展商
00589,重型基建
00590,其他零售商
00591,工业零件及器材
00592,服装
00593,地产发展商
00595,半导体
00596,应用软件
00598,航运及港口
00599,楼宇建造
00600,油气设备与服务
00601,其他金属及矿物
00602,多元化零售商
00603,燃气供应
00604,地产发展商
00605,信贷
00606,物业服务及管理
00607,环保工程
00608,服装
00609,特殊化工用品
00610,重型基建
00611,非传统/可再生能源
00612,投资及资产管理
00613,投资及资产管理
00616,地产投资
00617,酒店及度假村
00618,地产发展商
00619,证券及经纪
00620,综合企业
00621,黄金及贵金属
00622,证券及经纪
00623,广告及宣传
00626,银行
00627,地产发展商
00628,信贷
00629,信贷
00630,医疗设备及用品
00631,重型机械
00632,油气生产商
00635,玩具及消闲用品
00636,航空货运及物流
00637,其他金属及矿物
00638,家庭电器
00639,煤炭
00640,特殊化工用品
00641,工业零件及器材
00643,服装
00645,煤炭
00646,水务
00648,医疗设备及用品
00650,油气生产商
00653,个人护理
00655,地产投资
00656,综合企业
00657,餐饮
00658,环保工程
00659,综合企业
00660,特殊化工用品
00661,铜
00662,保险
00663,综合企业
00666,能源储存装置
00667,教育
00668,信贷
00669,家庭电器
00670,航空服务
00672,地产发展商
00673,医疗设备及用品
00674,地产发展商
00675,工业零件及器材
00676,鞋类
00677,超市及便利店
00679,电子零件
00681,燃气供应
00682,农产品
00683,地产发展商
00684,家庭电器
00685,出版
00686,非传统/可再生能源
00687,重型基建
00688,地产发展商
00689,油气生产商
00690,药品
00691,建筑材料
00693,汽车零售商
00694,航空服务
00695,建筑材料
00696,系统开发及资讯科技顾问
00697,投资及资产管理
00698,电子零件
00699,汽车零件
00700,电子商贸及互联网服务
00701,建筑材料
00702,油气生产商
00703,餐饮
00704,煤炭
00707,纺织品及布料
00708,汽车
00709,服装
00710,汽车零件
00711,重型基建
00712,新能源物料
00713,家具
00715,地产投资
00716,商业用车及货车
00717,证券及经纪
00718,地产投资
00719,药品
00720,地产投资
00721,投资及资产管理
00722,医疗及医学美容服务
00723,林业及木材
00724,半导体
00725,工业零件及器材
00726,地产发展商
00727,医疗及医学美容服务
00728,电讯服务
00730,信贷
00731,纸及纸制品
00732,电子零件
00733,地产代理
00736,信贷
00737,铁路及公路
00738,鞋类
00743,建筑材料
00745,广告及宣传
00746,特殊化工用品
00747,楼宇建造
00750,楼宇建造
00751,消费电子产品
00752,广告及宣传
00753,航空服务
00754,地产发展商
00755,地产发展商
00756,非酒精饮料
00757,新能源物料
00759,超市及便利店
00760,地产发展商
00762,电讯服务
00763,电讯设备
00764,综合企业
00765,玩具及消闲用品
00767,信贷
00768,投资及资产管理
00769,其他金属及矿物
00770,投资及资产管理
00771,系统开发及资讯科技顾问
00772,出版
00775,药品
00776,游戏软件
00777,游戏软件
00780,旅游及观光
00784,楼宇建造
00788,卫星及无线通讯
00789,珠宝钟表
00794,印刷及包装
00797,游戏软件
00798,物业服务及管理
00799,游戏软件
00800,地产投资
00802,应用软件
00804,证券及经纪
00805,汽车
00806,投资及资产管理
00807,水务
00809,化肥及农用化合物
00810,投资及资产管理
00811,出版
00812,投资及资产管理
00813,地产发展商
00814,超市及便利店
00815,黄金及贵金属
00816,物业服务及管理
00817,地产发展商
00818,电子商贸及互联网服务
00819,能源储存装置
00821,证券及经纪
00822,工业零件及器材
00825,多元化零售商
00826,钢铁
00827,化肥及农用化合物
00828,酒精饮料
00829,包装食品
00830,楼宇建造
00831,包装食品
00832,地产发展商
00833,家庭电器
00834,包装食品
00836,常规电力
00837,家具
00838,工业零件及器材
00839,教育
00840,工业零件及器材
00841,新能源物料
00842,能源储存装置
00844,服装
00845,地产发展商
00846,地产发展商
00848,多元化零售商
00851,证券及经纪
00852,油气生产商
00853,医疗设备及用品
00854,工业零件及器材
00855,水务
00856,系统开发及资讯科技顾问
00857,油气生产商
00858,药品
00859,地产投资
00860,汽车
00861,系统开发及资讯科技顾问
00862,公路运输
00863,系统开发及资讯科技顾问
00864,地产投资
00865,地产发展商
00866,煤炭
00867,药品
00868,工业零件及器材
00869,玩具及消闲用品
00871,重型基建
00873,物业服务及管理
00874,中医药
00875,农产品
00876,医疗设备及用品
00878,地产投资
00880,赌场及博彩
00881,汽车零售商
00882,综合企业
00883,油气生产商
00884,地产发展商
00887,其他零售商
00888,投资及资产管理
00889,工业零件及器材
00893,钢铁
00894,工业零件及器材
00895,环保工程
00896,楼宇建造
00897,中医药
00898,地产投资
00899,地产发展商
00900,信贷
00901,投资及资产管理
00902,常规电力
00905,投资及资产管理
00906,印刷及包装
00907,影视娱乐
00909,系统开发及资讯科技顾问
00910,地产发展商
00911,药品
00912,消费电子产品
00913,投资及资产管理
00914,建筑材料
00915,采购及供应链管理
00916,非传统/可再生能源
00917,广告及宣传
00918,服装
00919,医疗及医学美容服务
00921,家庭电器
00922,其他支援服务
00923,纸及纸制品
00924,楼宇建造
00925,航空货运及物流
00926,农产品
00927,消费电子产品
00928,生物技术
00929,汽车零件
00931,非传统/可再生能源
00932,药品
00933,鞋类
00934,油气设备与服务
00936,重型机械
00938,地产发展商
00939,银行
00941,电讯服务
00943,家具
00945,保险
00947,电讯设备
00948,乳制品
00950,药品
00951,能源储存装置
00952,证券及经纪
00953,影视娱乐
00954,食品添加剂
00956,燃气供应
00959,赌场及博彩
00960,地产发展商
00966,保险
00968,新能源物料
00969,农产品
00970,汽车零售商
00973,其他零售商
00974,多元化零售商
00975,煤炭
00976,铜
00978,地产发展商
00979,新能源物料
00980,超市及便利店
00981,半导体
00982,物业服务及管理
00983,楼宇建造
00984,超市及便利店
00986,珠宝钟表
00987,非传统/可再生能源
00989,地产发展商
00990,特殊化工用品
00991,常规电力
00992,电脑及周边器材
00993,投资及资产管理
00994,非传统/可再生能源
00995,铁路及公路
00997,地产投资
00998,银行
00999,餐饮
01000,出版
01001,钢铁
01002,工业零件及器材
01003,影视娱乐
01004,非传统/可再生能源
01005,玩具及消闲用品
01007,餐饮
01008,印刷及包装
01009,赌场及博彩
01010,商业用车及货车
01011,药品
01013,电讯设备
01020,电子商贸及互联网服务
01022,游戏软件
01023,其他服饰配件
01024,应用软件
01025,服装
01026,水务
01027,家具
01028,鞋类
01029,钢铁
01030,地产发展商
01033,油气设备与服务
01034,重型基建
01036,地产投资
01037,系统开发及资讯科技顾问
01038,常规电力
01039,电子商贸及互联网服务
01044,个人护理
01045,卫星及无线通讯
01046,影视娱乐
01047,特殊化工用品
01049,家居装修零售商
01050,电脑及周边器材
01051,投资及资产管理
01052,铁路及公路
01053,钢铁
01055,航空服务
01057,汽车零件
01058,其他服饰配件
01059,系统开发及资讯科技顾问
01060,影视娱乐
01061,药品
01062,投资及资产管理
01063,电讯设备
01064,地产投资
01065,水务
01066,医疗设备及用品
01068,禽畜肉类
01069,林业及木材
01070,消费电子产品
01071,常规电力
01072,环保工程
01073,其他金融
01075,系统开发及资讯科技顾问
01076,赌场及博彩
01079,电脑及周边器材
01080,油气设备与服务
01082,教育
01083,燃气供应
01084,食品添加剂
01085,电讯设备
01086,家具
01087,系统开发及资讯科技顾问
01088,煤炭
01090,钢铁
01091,其他金属及矿物
01093,药品
01094,电子商贸及互联网服务
01097,广播
01098,地产发展商
01099,药品分销
01100,其他服饰配件
01101,油气生产商
01102,建筑材料
01104,钢铁
01105,出版
01107,地产发展商
01108,新能源物料
01109,地产发展商
01110,药品分销
01111,广告及宣传
01112,个人护理
01113,地产发展商
01114,汽车
01115,非酒精饮料
01116,钢铁
01117,乳制品
01118,建筑材料
01119,游戏软件
01120,其他服饰配件
01121,鞋类
01122,商业用车及货车
01123,消费电子产品
01124,地产发展商
01125,地产投资
01126,玩具及消闲用品
01127,印刷及包装
01128,赌场及博彩
01129,水务
01130,汽车
01132,影视娱乐
01133,环保工程
01134,其他服饰配件
01137,电子商贸及互联网服务
01138,航运及港口
01140,投资及资产管理
01141,证券及经纪
01142,其他金属及矿物
01143,消费电子产品
01145,航运及港口
01146,服装
01147,系统开发及资讯科技顾问
01148,汽车零件
01150,其他服饰配件
01152,包装食品
01153,物业服务及管理
01156,工业零件及器材
01157,重型机械
01159,影视娱乐
01160,投资及资产管理
01161,医疗及医学美容服务
01162,楼宇建造
01163,广告及宣传
01164,其他金属及矿物
01165,非传统/可再生能源
01166,工业零件及器材
01167,生物技术
01168,地产投资
01170,鞋类
01171,煤炭
01172,地产发展商
01173,个人护理
01176,地产发展商
01177,药品
01179,酒店及度假村
01180,赌场及博彩
01181,餐饮
01182,黄金及贵金属
01183,楼宇建造
01184,工业零件及器材
01185,环保工程
01186,重型基建
01188,汽车零件
01189,酒店及度假村
01193,燃气供应
01195,地产发展商
01196,环保工程
01198,家具
01199,航运及港口
01200,地产代理
01201,能源储存装置
01202,电讯设备
01203,禽畜肉类
01204,系统开发及资讯科技顾问
01205,其他金属及矿物
01206,系统开发及资讯科技顾问
01207,地产发展商
01208,铜
01209,物业服务及管理
01210,包装食品
01211,汽车
01213,工业零件及器材
01215,酒店及度假村
01216,银行
01217,投资及资产管理
01218,地产发展商
01220,楼宇建造
01221,酒店及度假村
01222,综合企业
01223,服装零售商
01224,地产发展商
01225,信贷
01226,投资及资产管理
01228,生物技术
01229,煤炭
01231,钢铁
01232,地产发展商
01233,地产发展商
01234,服装
01235,旅游及观光
01237,家具
01238,地产发展商
01239,印刷及包装
01240,楼宇建造
01241,汽车零件
01243,地产发展商
01244,生物技术
01245,赌场及博彩
01246,地产发展商
01247,服装
01250,非传统/可再生能源
01251,油气设备与服务
01252,建筑材料
01253,楼宇建造
01255,服装零售商
01257,非传统/可再生能源
01258,铜
01259,包装食品
01260,其他金融
01262,包装食品
01263,电脑及周边器材
01265,燃气供应
01266,钢铁
01268,汽车零售商
01269,汽车零件
01270,酒店及度假村
01271,楼宇建造
01272,环保工程
01273,信贷
01274,系统开发及资讯科技顾问
01276,药品
01277,煤炭
01278,地产发展商
01280,家居装修零售商
01281,非传统/可再生能源
01282,证券及经纪
01283,楼宇建造
01284,广告及宣传
01285,包装食品
01286,工业零件及器材
01288,银行
01289,工业零件及器材
01290,信贷
01292,航空货运及物流
01293,汽车零售商
01298,医疗设备及用品
01299,保险
01300,电讯设备
01301,重型机械
01302,医疗设备及用品
01303,煤炭
01304,半导体
01305,工业零件及器材
01308,航运及港口
01310,电讯服务
01312,药品
01313,建筑材料
01314,餐饮
01315,建筑材料
01316,汽车零件
01317,教育
01318,其他零售商
01319,信贷
01321,地产发展商
01323,建筑材料
01326,影视娱乐
01327,珠宝钟表
01328,其他支援服务
01329,地产发展商
01330,环保工程
01332,印刷及包装
01334,油气设备与服务
01335,非传统/可再生能源
01336,保险
01338,个人护理
01339,保险
01340,禽畜肉类
01341,重型机械
01343,重型基建
01345,药品分销
01346,服装
01347,半导体
01348,玩具及消闲用品
01349,生物技术
01351,广告及宣传
01354,物业服务及管理
01355,酒店及度假村
01357,电子商贸及互联网服务
01358,医疗设备及用品
01359,投资及资产管理
01360,广告及宣传
01361,鞋类
01362,电讯设备
01364,非酒精饮料
01368,鞋类
01370,钢铁
01371,赌场及博彩
01372,重型基建
01373,家居装修零售商
01375,证券及经纪
01376,楼宇建造
01378,铝
01379,地产投资
01380,其他金属及矿物
01381,非传统/可再生能源
01382,纺织品及布料
01383,酒店及度假村
01384,数码解决方案服务
01385,半导体
01387,地产投资
01388,服装
01389,酒精饮料
01393,煤炭
01395,水务
01396,地产发展商
01397,其他支援服务
01398,银行
01399,能源储存装置
01400,纺织品及布料
01401,电子零件
01402,系统开发及资讯科技顾问
01405,餐饮
01406,医疗及医学美容服务
01407,油气生产商
01408,楼宇建造
01410,系统开发及资讯科技顾问
01412,印刷及包装
01413,楼宇建造
01415,电子零件
01416,楼宇建造
01417,物业服务及管理
01418,家具
01419,医疗及医学美容服务
01420,楼宇建造
01421,重型基建
01425,服装
01427,楼宇建造
01428,证券及经纪
01429,楼宇建造
01431,乳制品
01432,乳制品
01433,印刷及包装
01439,印刷及包装
01440,纺织品及布料
01442,航空货运及物流
01443,餐饮
01446,非酒精饮料
01447,楼宇建造
01448,其他支援服务
01449,教育
01450,系统开发及资讯科技顾问
01451,印刷及包装
01452,环保工程
01455,个人护理
01456,证券及经纪
01458,包装食品
01459,楼宇建造
01460,系统开发及资讯科技顾问
01461,证券及经纪
01463,其他支援服务
01466,其他零售商
01468,综合企业
01469,证券及经纪
01470,化肥及农用化合物
01471,保险
01472,重型基建
01473,电讯设备
01475,包装食品
01476,证券及经纪
01477,生物技术
01478,电子零件
01480,电子零件
01481,纸及纸制品
01483,其他支援服务
01486,楼宇建造
01488,餐饮
01489,建筑材料
01490,广告及宣传
01495,楼宇建造
01496,重型基建
01497,包装食品
01498,药品
01499,楼宇建造
01500,楼宇建造
01501,医疗设备及用品
01502,物业服务及管理
01508,保险
01513,药品
01515,医疗及医学美容服务
01516,物业服务及管理
01518,医疗及医学美容服务
01519,航空货运及物流
01520,服装
01521,生物技术
01522,系统开发及资讯科技顾问
01523,电脑及周边器材
01525,教育
01526,医疗及医学美容服务
01527,环保工程
01528,地产投资
01529,航空货运及物流
01530,药品
01532,服装
01536,工业零件及器材
01538,物业服务及管理
01539,环保工程
01540,印刷及包装
01541,生物技术
01542,水务
01543,信贷
01545,家居装修零售商
01546,楼宇建造
01547,楼宇建造
01548,生物技术
01549,航运及港口
01551,银行
01552,楼宇建造
01553,钢铁
01555,油气生产商
01556,楼宇建造
01557,重型基建
01558,药品
01559,重型基建
01560,地产发展商
01561,特殊化工用品
01563,教育
01565,教育
01566,消闲及文娱设施
01568,楼宇建造
01569,教育
01570,地产发展商
01571,汽车零件
01572,信贷
01575,家具
01576,铁路及公路
01577,信贷
01578,银行
01579,食品添加剂
01580,林业及木材
01581,楼宇建造
01582,楼宇建造
01583,包装食品
01585,汽车
01586,其他支援服务
01587,食品添加剂
01588,应用软件
01591,楼宇建造
01592,建筑材料
01593,教育
01596,商业用车及货车
01597,环保工程
01598,教育
01599,楼宇建造
01600,燃气供应
01601,信贷
01606,信贷
01608,常规电力
01610,禽畜肉类
01611,电子商贸及互联网服务
01612,医疗设备及用品
01613,系统开发及资讯科技顾问
01615,楼宇建造
01616,影视娱乐
01617,电讯设备
01618,重型基建
01620,旅游及观光
01621,油气生产商
01622,地产发展商
01623,油气设备与服务
01626,印刷及包装
01627,楼宇建造
01628,地产发展商
01629,印刷及包装
01630,楼宇建造
01631,印刷及包装
01632,系统开发及资讯科技顾问
01633,楼宇建造
01635,燃气供应
01636,铜
01637,楼宇建造
01638,地产发展商
01640,广告及宣传
01641,地产投资
01643,中医药
01645,工业零件及器材
01647,楼宇建造
01650,其他支援服务
01651,工业零件及器材
01652,中医药
01653,建筑材料
01655,赌场及博彩
01656,工业零件及器材
01657,服装
01658,银行
01660,重型机械
01661,消闲及文娱设施
01662,重型基建
01663,地产发展商
01665,系统开发及资讯科技顾问
01666,中医药
01667,楼宇建造
01668,地产发展商
01669,信贷
01671,常规电力
01672,生物技术
01673,工业零件及器材
01675,应用软件
01676,包装食品
01679,应用软件
01680,赌场及博彩
01681,药品
01682,服装
01683,楼宇建造
01685,环保工程
01686,系统开发及资讯科技顾问
01689,印刷及包装
01690,楼宇建造
01691,家庭电器
01692,家庭电器
01693,楼宇建造
01695,食品添加剂
01696,医疗设备及用品
01697,投资及资产管理
01698,影视娱乐
01699,禽畜肉类
01701,旅游及观光
01702,化肥及农用化合物
01703,餐饮
01705,包装食品
01706,重型基建
01707,重型基建
01708,系统开发及资讯科技顾问
01709,证券及经纪
01710,工业零件及器材
01711,家居装修零售商
01712,黄金及贵金属
01713,常规电力
01715,家具
01716,广告及宣传
01717,乳制品
01718,重型基建
01719,航运及港口
01720,电讯设备
01721,钢铁
01722,楼宇建造
01723,多元化零售商
01725,电子零件
01726,医疗设备及用品
01727,楼宇建造
01728,汽车零售商
01729,电讯设备
01730,地产投资
01731,其他服饰配件
01732,航运及港口
01733,煤炭
01735,楼宇建造
01736,电子商贸及互联网服务
01737,航空货运及物流
01738,煤炭
01739,电子商贸及互联网服务
01740,影视娱乐
01741,楼宇建造
01742,楼宇建造
01745,应用软件
01746,楼宇建造
01747,消费电子产品
01748,航运及港口
01749,服装
01750,工业零件及器材
01751,楼宇建造
01752,教育
01753,广告及宣传
01755,物业服务及管理
01756,教育
01757,重型基建
01758,教育
01759,燃气供应
01760,汽车零件
01761,广告及宣传
01762,广告及宣传
01763,药品
01765,教育
01766,商业用车及货车
01767,包装食品
01768,包装食品
01769,教育
01771,汽车零售商
01772,其他金属及矿物
01773,教育
01775,教育
01776,证券及经纪
01777,地产发展商
01778,物业服务及管理
01780,楼宇建造
01782,系统开发及资讯科技顾问
01783,楼宇建造
01785,铁路及公路
01786,重型机械
01787,黄金及贵金属
01788,证券及经纪
01789,医疗设备及用品
01790,水务
01792,玩具及消闲用品
01793,楼宇建造
01795,纺织品及布料
01796,楼宇建造
01797,电子商贸及互联网服务
01798,非传统/可再生能源
01799,新能源物料
01800,重型基建
01801,药品
01802,楼宇建造
01803,消闲及文娱设施
01808,系统开发及资讯科技顾问
01809,汽车零件
01810,电讯设备
01811,非传统/可再生能源
01812,纸及纸制品
01813,地产发展商
01815,其他零售商
01816,核能
01817,服装零售商
01818,黄金及贵金属
01820,印刷及包装
01821,投资及资产管理
01822,林业及木材
01823,酒精饮料
01825,服装
01826,楼宇建造
01827,医疗及医学美容服务
01828,保险
01830,医疗及医学美容服务
01831,广告及宣传
01832,酒店及度假村
01833,医疗及医学美容服务
01835,投资及资产管理
01836,鞋类
01837,包装食品
01841,印刷及包装
01842,其他服饰配件
01843,餐饮
01845,环保工程
01846,医疗及医学美容服务
01847,建筑材料
01848,航空服务
01849,广告及宣传
01850,楼宇建造
01851,教育
01853,非传统/可再生能源
01854,农产品
01855,楼宇建造
01856,珠宝钟表
01857,水务
01858,医疗设备及用品
01859,广播
01860,广告及宣传
01861,特殊化工用品
01862,地产发展商
01863,特殊化工用品
01865,重型基建
01866,化肥及农用化合物
01867,楼宇建造
01868,家具
01869,餐饮
01870,楼宇建造
01871,教育
01872,汽车零售商
01873,生物技术
01875,生物技术
01876,酒精饮料
01877,生物技术
01878,煤炭
01880,旅游及观光
01882,工业零件及器材
01883,电讯服务
01884,印刷及包装
01888,工业零件及器材
01889,药品
01890,教育
01891,其他金属及矿物
01894,建筑材料
01895,物业服务及管理
01896,影视娱乐
01897,楼宇建造
01898,煤炭
01899,商业用车及货车
01900,系统开发及资讯科技顾问
01901,旅游及观光
01902,地产发展商
01903,航运及港口
01905,信贷
01906,服装
01907,特殊化工用品
01908,地产发展商
01909,游戏软件
01910,其他服饰配件
01911,投资及资产管理
01912,半导体
01913,其他服饰配件
01915,信贷
01916,银行
01917,广告及宣传
01918,地产发展商
01919,航运及港口
01920,楼宇建造
01921,油气设备与服务
01922,物业服务及管理
01925,家具
01927,包装食品
01928,赌场及博彩
01929,其他零售商
01930,工业零件及器材
01931,医疗设备及用品
01932,特殊化工用品
01933,应用软件
01935,教育
01936,禽畜饲料
01937,建筑材料
01938,油气设备与服务
01939,其他支援服务
01940,油气生产商
01941,物业服务及管理
01942,其他零售商
01943,楼宇建造
01945,其他金融
01947,医疗及医学美容服务
01948,广告及宣传
01949,系统开发及资讯科技顾问
01950,特殊化工用品
01951,生物技术
01952,生物技术
01953,楼宇建造
01955,其他支援服务
01957,服装
01958,汽车
01959,汽车零售商
01960,重型基建
01961,游戏软件
01962,其他服饰配件
01963,银行
01965,物业服务及管理
01966,地产发展商
01967,电子零件
01968,纺织品及布料
01969,教育
01970,影视娱乐
01971,物业服务及管理
01972,地产投资
01973,投资及资产管理
01975,印刷及包装
01977,楼宇建造
01978,餐饮
01979,电子零件
01980,应用软件
01981,教育
01982,服装
01983,银行
01985,系统开发及资讯科技顾问
01986,特殊化工用品
01987,重型基建
01988,银行
01991,工业零件及器材
01992,酒店及度假村
01993,广告及宣传
01995,物业服务及管理
01996,地产发展商
01997,地产投资
01999,家具
02000,电讯设备
02001,教育
02002,纸及纸制品
02003,信贷
02005,药品
02007,地产发展商
02008,广播
02009,建筑材料
02011,其他服饰配件
02012,油气生产商
02013,广告及宣传
02015,汽车
02016,银行
02017,楼宇建造
02018,电子零件
02019,地产发展商
02020,服装
02022,游戏软件
02023,特殊化工用品
02025,汽车零件
02026,数码解决方案服务
02028,电脑及周边器材
02030,服装
02031,药品分销
02033,珠宝钟表
02038,电讯设备
02039,商业用车及货车
02048,地产代理
02050,工业零件及器材
02051,信贷
02057,航空货运及物流
02060,建筑材料
02066,银行
02068,重型基建
02076,其他支援服务
02078,铝
02080,物业服务及管理
02086,电脑及周边器材
02088,地产发展商
02096,药品
02097,非酒精饮料
02098,采购及供应链管理
02099,铜
02100,游戏软件
02101,电子商贸及互联网服务
02102,重型机械
02105,生物技术
02107,物业服务及管理
02108,餐饮
02110,重型基建
02111,纺织品及布料
02112,钢铁
02113,楼宇建造
02115,楼宇建造
02116,特殊化工用品
02117,地产发展商
02119,非酒精饮料
02120,医疗及医学美容服务
02121,应用软件
02122,其他零售商
02125,影视娱乐
02126,生物技术
02127,家具
02128,建筑材料
02129,公路运输
02130,航空货运及物流
02131,广告及宣传
02132,重型基建
02135,医疗及医学美容服务
02136,多元化零售商
02137,生物技术
02138,医疗及医学美容服务
02139,银行
02142,生物技术
02145,其他零售商
02146,物业服务及管理
02147,包装食品
02148,家庭电器
02149,半导体
02150,餐饮
02152,物业服务及管理
02153,重型机械
02155,重型机械
02156,物业服务及管理
02157,生物技术
02158,医疗及医学美容服务
02159,医疗及医学美容服务
02160,医疗设备及用品
02161,中医药
02162,生物技术
02163,建筑材料
02165,物业服务及管理
02166,半导体
02167,系统开发及资讯科技顾问
02168,物业服务及管理
02169,铁路及公路
02170,生物技术
02171,生物技术
02172,医疗设备及用品
02175,教育
02176,其他支援服务
02177,电子商贸及互联网服务
02178,油气设备与服务
02179,生物技术
02180,其他支援服务
02181,生物技术
02182,工业零件及器材
02185,医疗设备及用品
02186,药品
02187,建筑材料
02188,环保工程
02189,其他支援服务
02190,医疗设备及用品
02192,医疗及医学美容服务
02193,重型基建
02195,楼宇建造
02196,药品
02197,生物技术
02198,特殊化工用品
02199,服装
02202,地产发展商
02203,半导体
02205,物业服务及管理
02207,物业服务及管理
02208,环保工程
02209,电子商贸及互联网服务
02210,物业服务及管理
02211,药品分销
02212,其他金属及矿物
02215,物业服务及管理
02216,医疗设备及用品
02217,餐饮
02218,非酒精饮料
02219,医疗及医学美容服务
02221,重型基建
02222,家具
02223,家具
02225,其他支援服务
02226,食品添加剂
02227,楼宇建造
02230,影视娱乐
02231,地产发展商
02232,服装
02233,建筑材料
02235,医疗设备及用品
02236,油气设备与服务
02237,其他金属及矿物
02238,汽车
02239,电讯设备
02245,其他金属及矿物
02246,公路运输
02250,广告及宣传
02251,医疗设备及用品
02252,医疗设备及用品
02255,消闲及文娱设施
02256,生物技术
02257,生物技术
02258,重型基建
02260,工业零件及器材
02262,楼宇建造
02263,证券及经纪
02265,环保工程
02266,楼宇建造
02268,生物技术
02269,生物技术
02270,物业服务及管理
02271,物业服务及管理
02273,医疗及医学美容服务
02276,工业零件及器材
02279,医疗及医学美容服务
02280,电子商贸及互联网服务
02281,水务
02282,赌场及博彩
02283,工业零件及器材
02285,家庭电器
02286,地产发展商
02288,地产发展商
02289,药品分销
02291,医疗设备及用品
02292,地产投资
02293,医疗及医学美容服务
02295,重型基建
02297,医疗设备及用品
02298,服装
02299,纺织品及布料
02302,其他金属及矿物
02306,影视娱乐
02307,纺织品及布料
02309,消闲及文娱设施
02310,物业服务及管理
02312,投资及资产管理
02313,服装
02314,纸及纸制品
02315,生物技术
02317,食品添加剂
02318,保险
02319,乳制品
02320,纸及纸制品
02321,包装食品
02322,特殊化工用品
02323,电子零件
02324,投资及资产管理
02325,生物技术
02326,其他金属及矿物
02327,综合企业
02328,保险
02329,地产发展商
02330,地产发展商
02331,服装
02333,汽车
02336,铜
02337,燃气供应
02338,商业用车及货车
02339,汽车零件
02340,楼宇建造
02341,特殊化工用品
02342,电讯设备
02343,航运及港口
02347,电子商贸及互联网服务
02348,药品
02349,地产投资
02350,电子商贸及互联网服务
02352,物业服务及管理
02355,楼宇建造
02356,银行
02357,航空航天与国防
02358,消费电子产品
02359,生物技术
02360,超市及便利店
02361,系统开发及资讯科技顾问
02362,其他金属及矿物
02363,电脑及周边器材
02367,生物技术
02368,服装
02369,电讯设备
02370,物业服务及管理
02371,教育
02372,印刷及包装
02373,医疗及医学美容服务
02376,物业服务及管理
02377,环保工程
02378,保险
02380,常规电力
02381,家庭电器
02382,电子零件
02383,出版
02385,教育
02386,油气设备与服务
02388,银行
02389,医疗及医学美容服务
02390,广告及宣传
02391,应用软件
02392,应用软件
02393,医疗设备及用品
02396,生物技术
02399,能源储存装置
02400,游戏软件
02402,新能源物料
02405,广告及宣传
02407,医疗设备及用品
02408,餐饮
02409,航运及港口
02410,生物技术
02411,包装食品
02415,医疗及医学美容服务
02416,系统开发及资讯科技顾问
02418,采购及供应链管理
02419,禽畜肉类
02420,服装零售商
02421,地产发展商
02422,广告及宣传
02423,地产代理
02425,乳制品
02427,医疗设备及用品
02429,非酒精饮料
02431,数码解决方案服务
02432,数码解决方案服务
02433,楼宇建造
02436,电脑及周边器材
02438,系统开发及资讯科技顾问
02439,印刷及包装
02440,系统开发及资讯科技顾问
02442,楼宇建造
02443,其他支援服务
02448,楼宇建造
02450,建筑材料
02451,汽车
02453,医疗及医学美容服务
02455,物业服务及管理
02457,汽车零件
02458,游戏软件
02459,工业零件及器材
02460,非酒精饮料
02465,能源储存装置
02469,教育
02473,汽车
02477,卫星及无线通讯
02479,系统开发及资讯科技顾问
02480,生物技术
02481,非传统/可再生能源
02482,公路运输
02483,信贷
02486,广告及宣传
02487,生物技术
02488,汽车零件
02489,黄金及贵金属
02490,航运及港口
02495,系统开发及资讯科技顾问
02496,生物技术
02497,农产品
02498,系统开发及资讯科技顾问
02499,工业零件及器材
02500,医疗设备及用品
02501,系统开发及资讯科技顾问
02502,特殊化工用品
02503,楼宇建造
02505,采购及供应链管理
02506,医疗及医学美容服务
02507,航空航天与国防
02508,其他支援服务
02509,生物技术
02510,航运及港口
02511,药品
02513,数码解决方案服务
02515,重型基建
02516,航空货运及物流
02517,包装食品
02518,电子商贸及互联网服务
02519,家居装修零售商
02520,重型基建
02521,其他支援服务
02522,医疗及医学美容服务
02525,数码解决方案服务
02528,服装零售商
02529,物业服务及管理
02530,包装食品
02531,系统开发及资讯科技顾问
02533,系统开发及资讯科技顾问
02535,楼宇建造
02536,赌场及博彩
02539,消闲及文娱设施
02540,广告及宣传
02543,玩具及消闲用品
02545,卫星及无线通讯
02546,其他金属及矿物
02550,广告及宣传
02551,电子零件
02552,生物技术
02555,非酒精饮料
02556,应用软件
02558,银行
02559,公共运输
02560,特殊化工用品
02561,生物技术
02562,线上零售商
02563,生物技术
02565,生物技术
02566,药品
02567,互联网服务及基础设施
02569,个人护理
02570,新能源物料
02571,应用软件
02573,食品添加剂
02575,生物技术
02576,数码解决方案服务
02577,半导体
02579,特殊化工用品
02580,家庭电器
02581,医疗及医学美容服务
02582,工业零件及器材
02585,其他零售商
02586,数码解决方案服务
02587,医疗及医学美容服务
02588,航空服务
02589,非酒精饮料
02590,数码解决方案服务
02591,生物技术
02592,生物技术
02593,药品
02595,药品
02596,银行
02597,卫星及无线通讯
02598,电子商贸及互联网服务
02599,地产发展商
02600,铝
02601,保险
02602,物业服务及管理
02603,线上零售商
02605,广告及宣传
02607,药品分销
02608,地产发展商
02609,医疗及医学美容服务
02610,铝
02611,证券及经纪
02613,商业用车及货车
02616,生物技术
02617,生物技术
02618,采购及供应链管理
02619,家庭电器
02621,保险
02623,钢铁
02625,超市及便利店
02627,生物技术
02628,保险
02629,生物技术
02630,生物技术
02631,半导体设备与材料
02633,药品
02635,数码解决方案服务
02637,药品
02638,常规电力
02643,公共运输
02648,包装食品
02649,印刷及包装
02650,工业零件及器材
02651,医疗及医学美容服务
02655,能源储存装置
02656,药品分销
02657,护肤与化妆品
02658,半导体设备与材料
02659,药品
02660,游戏软件
02661,广告及宣传
02663,楼宇建造
02665,数码解决方案服务
02666,信贷
02668,采购及供应链管理
02669,物业服务及管理
02670,数码解决方案服务
02671,建筑材料
02675,医疗设备及用品
02676,半导体
02677,医疗及医学美容服务
02678,纺织品及布料
02680,其他金融
02682,航运及港口
02683,其他服饰配件
02685,线上零售商
02687,数码解决方案服务
02688,燃气供应
02689,纸及纸制品
02691,证券及经纪
02692,工业零件及器材
02693,其他金属及矿物
02695,消闲及文娱设施
02696,生物技术
02698,个人护理
02699,地产发展商
02700,医疗及医学美容服务
02706,数码解决方案服务
02708,系统开发及资讯科技顾问
02714,禽畜肉类
02715,重型机械
02718,数码解决方案服务
02720,玩具及消闲用品
02722,工业零件及器材
02727,环保工程
02728,油气生产商
02738,钢铁
02768,地产发展商
02772,地产发展商
02777,地产发展商
02779,教育
02788,铝
02789,楼宇建造
02798,煤炭
02799,投资及资产管理
02858,信贷
02863,楼宇建造
02865,新能源物料
02866,航运及港口
02869,物业服务及管理
02877,中医药
02878,半导体
02880,航运及港口
02882,其他零售商
02883,油气设备与服务
02885,工业零件及器材
02886,燃气供应
02888,银行
02892,地产发展商
02898,生物技术
02899,黄金及贵金属
02948,楼宇建造
02949,地产发展商
02950,药品
02951,工业零件及器材
02953,玩具及消闲用品
02954,汽车零售商
02955,黄金及贵金属
03200,工业零件及器材
03288,食品添加剂
03300,工业零件及器材
03301,地产发展商
03302,工业零件及器材
03303,油气设备与服务
03306,服装
03309,医疗及医学美容服务
03311,重型基建
03313,建筑材料
03315,应用软件
03316,物业服务及管理
03317,数码解决方案服务
03318,食品添加剂
03319,物业服务及管理
03320,药品
03321,楼宇建造
03322,服装
03323,建筑材料
03326,珠宝钟表
03328,银行
03329,信贷
03330,黄金及贵金属
03331,个人护理
03332,药品
03333,地产发展商
03336,电脑及周边器材
03337,油气设备与服务
03339,重型机械
03347,生物技术
03348,重型机械
03360,信贷
03363,纸及纸制品
03366,地产发展商
03368,多元化零售商
03369,航运及港口
03377,地产发展商
03378,生物技术
03380,地产发展商
03382,航运及港口
03383,地产发展商
03389,其他零售商
03390,药品分销
03393,工业零件及器材
03395,油气生产商
03396,电脑及周边器材
03398,服装
03399,旅游及观光
03600,医疗设备及用品
03601,应用软件
03603,地产投资
03606,汽车零件
03611,电子商贸及互联网服务
03613,中医药
03616,地产发展商
03618,银行
03623,信贷
03626,印刷及包装
03628,工业零件及器材
03633,燃气供应
03636,铜
03638,电脑及周边器材
03639,地产发展商
03650,消闲及文娱设施
03658,物业服务及管理
03660,信贷
03662,物业服务及管理
03666,餐饮
03668,煤炭
03669,汽车零售商
03677,能源储存装置
03678,证券及经纪
03680,系统开发及资讯科技顾问
03681,生物技术
03683,航运及港口
03686,综合企业
03688,地产发展商
03689,医疗及医学美容服务
03690,电子商贸及互联网服务
03692,药品
03696,生物技术
03698,银行
03699,地产投资
03700,广播
03708,楼宇建造
03709,服装
03718,环保工程
03728,楼宇建造
03737,药品
03738,应用软件
03750,能源储存装置
03759,药品
03768,水务
03773,电子商贸及互联网服务
03778,纺织品及布料
03788,钢铁
03789,楼宇建造
03798,游戏软件
03800,新能源物料
03808,商业用车及货车
03813,服装零售商
03816,工业零件及器材
03818,服装
03822,重型基建
03828,个人护理
03830,玩具及消闲用品
03833,其他金属及矿物
03836,汽车零售商
03838,农产品
03839,生物技术
03848,信贷
03858,其他金属及矿物
03860,服装
03866,银行
03868,非传统/可再生能源
03869,医疗及医学美容服务
03877,航运及港口
03878,重型基建
03880,药品
03881,商业用车及货车
03882,消费电子产品
03883,地产发展商
03886,医疗及医学美容服务
03887,其他金融
03888,应用软件
03889,农产品
03893,家具
03896,系统开发及资讯科技顾问
03898,工业零件及器材
03899,油气设备与服务
03900,地产发展商
03903,信贷
03908,证券及经纪
03913,物业服务及管理
03918,赌场及博彩
03919,能源储存装置
03928,重型基建
03931,能源储存装置
03933,药品
03938,其他金融
03939,铜
03958,证券及经纪
03963,信贷
03968,银行
03969,系统开发及资讯科技顾问
03978,教育
03983,化肥及农用化合物
03986,半导体
03988,银行
03989,非传统/可再生能源
03990,地产发展商
03991,电脑及周边器材
03993,其他金属及矿物
03996,环保工程
03997,电讯设备
03998,服装
03999,禽畜饲料
04618,银行
04619,银行
04620,银行
04621,投资及资产管理
06030,投资及资产管理
06031,重型机械
06033,电讯设备
06036,工业零件及器材
06038,楼宇建造
06049,物业服务及管理
06055,烟草
06058,证券及经纪
06060,保险
06063,楼宇建造
06066,证券及经纪
06068,教育
06069,信贷
06078,医疗及医学美容服务
06080,楼宇建造
06083,采购及供应链管理
06086,药品分销
06088,电讯设备
06090,家具
06093,物业服务及管理
06098,物业服务及管理
06099,证券及经纪
06100,其他支援服务
06108,药品分销
06110,服装零售商
06111,地产发展商
06113,广告及宣传
06116,服装
06117,航运及港口
06118,生物技术
06119,航运及港口
06122,银行
06123,航空货运及物流
06127,生物技术
06128,其他金属及矿物
06133,电讯设备
06136,水务
06138,银行
06158,地产发展商
06160,生物技术
06162,汽车零件
06163,商业用车及货车
06169,教育
06178,证券及经纪
06181,珠宝钟表
06182,楼宇建造
06185,生物技术
06186,乳制品
06188,电讯设备
06189,楼宇建造
06190,银行
06193,建筑材料
06196,银行
06198,航运及港口
06199,银行
06288,服装
06600,药品
06601,家具
06603,非酒精饮料
06606,医疗设备及用品
06608,系统开发及资讯科技顾问
06609,医疗设备及用品
06610,应用软件
06611,地产发展商
06613,电子零件
06616,特殊化工用品
06618,药品分销
06622,药品
06623,信贷
06626,物业服务及管理
06628,生物技术
06633,游戏软件
06638,应用软件
06639,医疗及医学美容服务
06651,数码解决方案服务
06655,建筑材料
06657,应用软件
06660,药品
06661,燃气供应
06663,其他支援服务
06666,物业服务及管理
06667,生物技术
06668,物业服务及管理
06669,医疗设备及用品
06676,钢铁
06677,物业服务及管理
06680,其他金属及矿物
06681,医疗及医学美容服务
06682,应用软件
06683,非酒精饮料
06686,投资及资产管理
06687,应用软件
06689,农产品
06690,家庭电器
06693,黄金及贵金属
06696,广告及宣传
06698,影视娱乐
06699,医疗及医学美容服务
06805,环保工程
06806,证券及经纪
06808,超市及便利店
06809,半导体
06811,餐饮
06812,其他支援服务
06816,重型基建
06818,银行
06820,游戏软件
06821,药品
06822,家具
06823,电讯服务
06826,医疗设备及用品
06828,燃气供应
06829,楼宇建造
06830,汽车零件
06831,餐饮
06833,药品
06836,包装食品
06837,证券及经纪
06838,其他服饰配件
06839,水务
06855,生物技术
06858,玩具及消闲用品
06860,游戏软件
06862,餐饮
06865,新能源物料
06866,信贷
06868,非酒精饮料
06869,电讯设备
06877,药品分销
06878,地产发展商
06880,家庭电器
06881,证券及经纪
06882,旅游及观光
06883,其他零售商
06885,煤炭
06886,证券及经纪
06887,药品
06888,重型基建
06889,赌场及博彩
06890,钢铁
06893,药品
06896,药品
06898,印刷及包装
06899,游戏软件
06900,地产发展商
06908,半导体
06909,汽车零售商
06911,非酒精饮料
06913,教育
06918,玩具及消闲用品
06919,其他支援服务
06922,医疗设备及用品
06928,汽车零件
06929,医疗设备及用品
06933,游戏软件
06936,航空货运及物流
06938,生物技术
06939,半导体
06955,生物技术
06958,物业服务及管理
06959,其他支援服务
06960,能源储存装置
06963,保险
06966,其他支援服务
06968,地产发展商
06969,消费电子产品
06978,生物技术
06979,酒精饮料
06980,非酒精饮料
06988,电子商贸及互联网服务
06989,物业服务及管理
06990,生物技术
06993,家具
06996,药品
06998,生物技术
06999,地产发展商
07618,采购及供应链管理
08001,信贷
08003,广告及宣传
08005,消费电子产品
08006,出版
08007,燃气供应
08013,楼宇建造
08017,系统开发及资讯科技顾问
08018,应用软件
08019,信贷
08020,航运及港口
08021,楼宇建造
08023,楼宇建造
08026,珠宝钟表
08027,楼宇建造
08028,其他金属及矿物
08029,综合企业
08030,其他金融
08031,其他支援服务
08033,系统开发及资讯科技顾问
08035,航空货运及物流
08036,系统开发及资讯科技顾问
08037,医疗及医学美容服务
08039,楼宇建造
08040,楼宇建造
08041,服装
08042,其他支援服务
08043,电讯设备
08045,系统开发及资讯科技顾问
08047,采购及供应链管理
08048,系统开发及资讯科技顾问
08049,中医药
08050,系统开发及资讯科技顾问
08051,电脑及周边器材
08052,消闲及文娱设施
08053,楼宇建造
08056,餐饮
08057,信贷
08059,重型基建
08060,系统开发及资讯科技顾问
08062,系统开发及资讯科技顾问
08063,信贷
08065,系统开发及资讯科技顾问
08066,电脑及周边器材
08067,其他支援服务
08069,旅游及观光
08070,工业零件及器材
08071,电子商贸及互联网服务
08072,其他金融
08073,工业零件及器材
08076,电子商贸及互联网服务
08079,采购及供应链管理
08080,工业零件及器材
08081,系统开发及资讯科技顾问
08082,影视娱乐
08083,电子商贸及互联网服务
08087,广告及宣传
08091,广告及宣传
08092,系统开发及资讯科技顾问
08093,广告及宣传
08095,综合企业
08096,餐饮
08098,证券及经纪
08100,应用软件
08103,影视娱乐
08106,应用软件
08107,服装
08111,环保工程
08112,广告及宣传
08113,工业零件及器材
08115,工业零件及器材
08117,燃气供应
08118,家具
08120,餐饮
08121,广告及宣传
08123,汽车零售商
08125,楼宇建造
08126,汽车零售商
08128,环保工程
08130,出版
08131,应用软件
08132,油气生产商
08133,工业零件及器材
08136,家具
08137,能源储存装置
08139,特殊化工用品
08140,重型基建
08143,医疗及医学美容服务
08146,酒精饮料
08147,卫星及无线通讯
08148,应用软件
08149,其他金融
08152,重型机械
08153,广告及宣传
08156,采购及供应链管理
08158,医疗设备及用品
08159,电脑及周边器材
08160,教育
08161,医疗及医学美容服务
08162,黄金及贵金属
08163,信贷
08166,采购及供应链管理
08167,电讯设备
08168,其他金融
08169,环保工程
08170,地产投资
08172,影视娱乐
08173,楼宇建造
08176,电子零件
08178,系统开发及资讯科技顾问
08179,酒精饮料
08181,物业服务及管理
08186,林业及木材
08187,鞋类
08188,重型基建
08189,化肥及农用化合物
08191,林业及木材
08193,其他金融
08195,教育
08196,水务
08198,系统开发及资讯科技顾问
08200,其他零售商
08201,其他支援服务
08203,采购及供应链管理
08205,系统开发及资讯科技顾问
08206,教育
08208,楼宇建造
08210,证券及经纪
08211,纺织品及布料
08213,餐饮
08215,信贷
08217,重型基建
08218,工业零件及器材
08219,珠宝钟表
08220,影视娱乐
08221,证券及经纪
08222,家具
08223,医疗设备及用品
08225,药品
08226,证券及经纪
08227,电讯设备
08229,系统开发及资讯科技顾问
08232,餐饮
08237,酒店及度假村
08238,广告及宣传
08239,信贷
08241,非酒精饮料
08245,电讯设备
08246,新能源物料
08247,生物技术
08249,系统开发及资讯科技顾问
08250,农产品
08257,半导体设备与材料
08262,楼宇建造
08267,游戏软件
08268,楼宇建造
08269,其他服饰配件
08270,油气生产商
08271,物业服务及管理
08275,楼宇建造
08277,林业及木材
08279,赌场及博彩
08280,广播
08281,个人护理
08282,游戏软件
08283,其他支援服务
08285,其他服饰配件
08286,电讯设备
08290,应用软件
08291,印刷及包装
08292,航空货运及物流
08293,其他支援服务
08295,其他支援服务
08296,其他支援服务
08297,服装
08299,黄金及贵金属
08300,餐饮
08305,重型基建
08307,医疗及医学美容服务
08308,酒店及度假村
08309,其他支援服务
08310,采购及供应链管理
08311,电讯设备
08313,综合企业
08315,其他支援服务
08316,重型基建
08317,出版
08319,系统开发及资讯科技顾问
08320,其他支援服务
08321,重型基建
08325,电子商贸及互联网服务
08326,新能源物料
08328,新能源物料
08329,药品
08331,其他金属及矿物
08333,其他金融
08337,电讯服务
08340,其他金融
08341,楼宇建造
08347,油气生产商
08348,采购及供应链管理
08349,建筑材料
08350,证券及经纪
08353,应用软件
08356,重型基建
08357,医疗及医学美容服务
08360,楼宇建造
08362,包装食品
08363,教育
08365,其他金融
08366,重型基建
08367,餐饮
08368,影视娱乐
08370,家具
08371,餐饮
08372,医疗设备及用品
08373,楼宇建造
08375,工业零件及器材
08377,纺织品及布料
08379,电脑及周边器材
08383,印刷及包装
08385,出版
08391,印刷及包装
08392,家具
08395,家具
08400,赌场及博彩
08401,广告及宣传
08402,楼宇建造
08403,广告及宣传
08405,其他支援服务
08406,玩具及消闲用品
08411,楼宇建造
08412,餐饮
08413,包装食品
08416,印刷及包装
08417,教育
08418,其他支援服务
08419,消费电子产品
08420,系统开发及资讯科技顾问
08422,楼宇建造
08423,楼宇建造
08425,重型机械
08426,物业服务及管理
08427,建筑材料
08428,餐饮
08429,广告及宣传
08430,航空货运及物流
08431,消闲及文娱设施
08432,餐饮
08436,其他零售商
08437,医疗设备及用品
08439,其他金融
08445,楼宇建造
08446,影视娱乐
08447,餐饮
08448,印刷及包装
08450,印刷及包装
08451,个人护理
08452,其他金融
08455,楼宇建造
08456,服装
08460,楼宇建造
08462,其他支援服务
08471,纺织品及布料
08472,其他支援服务
08473,其他零售商
08475,餐饮
08476,包装食品
08480,纺织品及布料
08481,印刷及包装
08482,航空货运及物流
08483,其他支援服务
08487,电讯设备
08489,航空货运及物流
08490,工业零件及器材
08491,包装食品
08493,餐饮
08495,餐饮
08496,包装食品
08500,广告及宣传
08501,楼宇建造
08502,航运及港口
08507,服装
08509,酒精饮料
08510,餐饮
08511,工业零件及器材
08512,家具
08513,医疗设备及用品
08516,重型基建
08519,餐饮
08521,纺织品及布料
08523,重型基建
08525,信贷
08526,楼宇建造
08527,餐饮
08529,半导体设备与材料
08532,楼宇建造
08535,楼宇建造
08536,油气生产商
08537,珠宝钟表
08540,证券及经纪
08545,玩具及消闲用品
08547,家具
08549,楼宇建造
08581,广告及宣传
08582,珠宝钟表
08583,其他支援服务
08585,楼宇建造
08601,重型基建
08603,医疗及医学美容服务
08606,系统开发及资讯科技顾问
08607,纺织品及布料
08609,农产品
08610,地产投资
08611,系统开发及资讯科技顾问
08612,重型机械
08613,电子商贸及互联网服务
08616,楼宇建造
08619,楼宇建造
08620,航空货运及物流
08621,信贷
08622,生物技术
08623,工业零件及器材
08627,广告及宣传
08629,楼宇建造
08631,油气生产商
08635,系统开发及资讯科技顾问
08637,半导体设备与材料
08645,系统开发及资讯科技顾问
08646,工业零件及器材
08657,投资及资产管理
08659,印刷及包装
08668,旅游及观光
09600,应用软件
09606,生物技术
09608,物业服务及管理
09609,工业零件及器材
09611,消费性电讯设备
09616,教育
09618,电子商贸及互联网服务
09626,应用软件
09633,非酒精饮料
09636,应用软件
09638,商业用车及货车
09639,重型基建
09658,餐饮
09660,数码解决方案服务
09663,新能源物料
09666,物业服务及管理
09668,银行
09669,系统开发及资讯科技顾问
09676,农产品
09677,银行
09678,数码解决方案服务
09680,公共运输
09686,医疗及医学美容服务
09688,生物技术
09689,油气生产商
09690,汽车零售商
09696,其他金属及矿物
09698,系统开发及资讯科技顾问
09699,电子商贸及互联网服务
09857,影视娱乐
09858,乳制品
09860,医疗及医学美容服务
09863,汽车
09866,汽车
09868,汽车
09869,餐饮
09876,包装食品
09877,医疗设备及用品
09878,电子商贸及互联网服务
09879,化肥及农用化合物
09880,系统开发及资讯科技顾问
09881,电脑及周边器材
09882,工业零件及器材
09885,药品分销
09886,药品分销
09887,生物技术
09888,电子商贸及互联网服务
09889,银行
09890,游戏软件
09893,楼宇建造
09896,多元化零售商
09898,电子商贸及互联网服务
09899,影视娱乐
09900,楼宇建造
09901,教育
09903,半导体
09906,医疗及医学美容服务
09908,燃气供应
09909,物业服务及管理
09911,电子商贸及互联网服务
09913,楼宇建造
09916,物业服务及管理
09918,消费电子产品
09919,广告及宣传
09922,餐饮
09923,电子商贸及互联网服务
09926,生物技术
09927,汽车
09928,物业服务及管理
09929,楼宇建造
09930,重型机械
09933,特殊化工用品
09936,特殊化工用品
09938,楼宇建造
09939,药品
09955,医疗设备及用品
09956,公路运输
09958,影视娱乐
09959,系统开发及资讯科技顾问
09960,医疗及医学美容服务
09961,旅游及观光
09963,电讯设备
09966,生物技术
09968,地产发展商
09969,生物技术
09973,汽车
09977,禽畜肉类
09978,物业服务及管理
09979,物业服务及管理
09981,工业零件及器材
09982,楼宇建造
09983,物业服务及管理
09985,包装食品
09986,教育
09987,餐饮
09988,电子商贸及互联网服务
09989,药品
09990,游戏软件
09991,电子商贸及互联网服务
09992,玩具及消闲用品
09993,地产发展商
09995,生物技术
09996,医疗设备及用品
09997,医疗设备及用品
09998,楼宇建造
09999,游戏软件
80011,银行
80016,地产发展商
80020,应用软件
80175,汽车
80291,酒精饮料
80388,其他金融
80700,电子商贸及互联网服务
80737,铁路及公路
80883,油气生产商
80941,电讯服务
80992,电脑及周边器材
81024,应用软件
81211,汽车
81299,保险
81810,电讯设备
82020,服装
82318,保险
82331,服装
82333,汽车
82388,银行
83690,电子商贸及互联网服务
86618,药品
89618,电子商贸及互联网服务
89888,电子商贸及互联网服务
89988,电子商贸及互联网服务
